id,type,actor,repo,created_at
23487929637,IssueCommentEvent,sukhada,350org/ak_intl_v3,2022-08-17T15:51:05Z
23487929682,PushEvent,predictcrypto,predictcrypto/pins,2022-08-17T15:51:05Z
23487929673,PushEvent,kazukimikami,kazukimikami/reservation,2022-08-17T15:51:05Z
23487929636,CreateEvent,github-actions[bot],tiller1010/silverstripe-spam-module,2022-08-17T15:51:05Z
23487929580,IssuesEvent,sozysozbot,sozysozbot/mikanos,2022-08-17T15:51:05Z
23487929533,PushEvent,Callithrix-omics,Callithrix-omics/Callithrix-omics.github.io,2022-08-17T15:51:05Z
23487929573,PushEvent,datho7561,datho7561/quarkus-ls,2022-08-17T15:51:05Z
23487929578,PushEvent,edwardzuniga,edwardzuniga/holbertonschool-higher_level_programming,2022-08-17T15:51:05Z
23487929522,ReleaseEvent,github-actions[bot],tiller1010/silverstripe-spam-module,2022-08-17T15:51:05Z
23487929560,PushEvent,Mahalderk,Mahalderk/CV,2022-08-17T15:51:05Z
23487929536,PushEvent,markbush,markbush/Smalltalk-80-CompilerLib,2022-08-17T15:51:05Z
23487929532,PushEvent,fathozt,fathozt/MyProject,2022-08-17T15:51:05Z
23487929508,CreateEvent,ibrahimalangri,ibrahimalangri/KUn,2022-08-17T15:51:05Z
23487929452,PushEvent,adamsorbie,adamsorbie/Stroke_Microbiota_reproducibility,2022-08-17T15:51:05Z
23487929676,PushEvent,yousabu,yousabu/ansible_rhce,2022-08-17T15:51:05Z
23487929674,PushEvent,MathisGD,morpho-dao/morpho-utils,2022-08-17T15:51:05Z
23487929661,PushEvent,BR-Junior,BR-Junior/crud-com-vue-e-quasar,2022-08-17T15:51:05Z
23487929588,PushEvent,allcontributors[bot],dendronhq/dendron,2022-08-17T15:51:05Z
23487929591,PushEvent,moiify,moiify/AutoGreen,2022-08-17T15:51:05Z
23487929349,PushEvent,ofzlo,Sooktoring/Sooktoring-Android,2022-08-17T15:51:04Z
23487929597,IssueCommentEvent,0xcadams,livepeer/explorer,2022-08-17T15:51:05Z
23487929501,DeleteEvent,balena-ci,product-os/jellyfish-worker,2022-08-17T15:51:05Z
23487929523,PushEvent,chengzhong001,chengzhong001/cpp-examples,2022-08-17T15:51:05Z
23487929494,PushEvent,pull[bot],kybru91/vscode-languageserver-node,2022-08-17T15:51:05Z
23487929447,PushEvent,InonAngel98,web-application-app/gigosRate,2022-08-17T15:51:05Z
23487929496,DeleteEvent,DmytroKova,DmytroKova/TUTORIAL,2022-08-17T15:51:05Z
23487929420,PushEvent,brianway,brianway/algorithms-learning,2022-08-17T15:51:05Z
23487929439,PushEvent,github-actions[bot],wizche/lema-observatory,2022-08-17T15:51:05Z
23487929428,IssuesEvent,justbecoder,justbecoder/react-router-middleware-plus,2022-08-17T15:51:05Z
23487929425,IssueCommentEvent,dislbenn,stolostron/search-e2e-test,2022-08-17T15:51:05Z