id,type,actor_id,actor_name,actor_url,repo_id,repo_name,repo_url,public,created_at
23487929637,IssueCommentEvent,1696078,sukhada,https://api.github.com/users/sukhada,75340147,350org/ak_intl_v3,https://api.github.com/repos/350org/ak_intl_v3,true,2022-08-17T15:51:05Z
23487929676,PushEvent,66924041,yousabu,https://api.github.com/users/yousabu,525526680,yousabu/ansible_rhce,https://api.github.com/repos/yousabu/ansible_rhce,true,2022-08-17T15:51:05Z
23487929674,PushEvent,74971347,MathisGD,https://api.github.com/users/MathisGD,512700417,morpho-dao/morpho-utils,https://api.github.com/repos/morpho-dao/morpho-utils,true,2022-08-17T15:51:05Z
23487929661,PushEvent,91143053,BR-Junior,https://api.github.com/users/BR-Junior,525851446,BR-Junior/crud-com-vue-e-quasar,https://api.github.com/repos/BR-Junior/crud-com-vue-e-quasar,true,2022-08-17T15:51:05Z
23487929682,PushEvent,60825784,predictcrypto,https://api.github.com/users/predictcrypto,505029866,predictcrypto/pins,https://api.github.com/repos/predictcrypto/pins,true,2022-08-17T15:51:05Z
23487929673,PushEvent,102357035,kazukimikami,https://api.github.com/users/kazukimikami,525845306,kazukimikami/reservation,https://api.github.com/repos/kazukimikami/reservation,true,2022-08-17T15:51:05Z
23487929588,PushEvent,46447321,allcontributors[bot],https://api.github.com/users/allcontributors[bot],274724694,dendronhq/dendron,https://api.github.com/repos/dendronhq/dendron,true,2022-08-17T15:51:05Z
23487929636,CreateEvent,41898282,github-actions[bot],https://api.github.com/users/github-actions[bot],523780252,tiller1010/silverstripe-spam-module,https://api.github.com/repos/tiller1010/silverstripe-spam-module,true,2022-08-17T15:51:05Z
23487929580,IssuesEvent,21972349,sozysozbot,https://api.github.com/users/sozysozbot,524701461,sozysozbot/mikanos,https://api.github.com/repos/sozysozbot/mikanos,true,2022-08-17T15:51:05Z
23487929591,PushEvent,17869732,moiify,https://api.github.com/users/moiify,164541747,moiify/AutoGreen,https://api.github.com/repos/moiify/AutoGreen,true,2022-08-17T15:51:05Z
23487929533,PushEvent,37043957,Callithrix-omics,https://api.github.com/users/Callithrix-omics,524655561,Callithrix-omics/Callithrix-omics.github.io,https://api.github.com/repos/Callithrix-omics/Callithrix-omics.github.io,true,2022-08-17T15:51:05Z
23487929573,PushEvent,22376627,datho7561,https://api.github.com/users/datho7561,264221410,datho7561/quarkus-ls,https://api.github.com/repos/datho7561/quarkus-ls,true,2022-08-17T15:51:05Z
23487929349,PushEvent,90624848,ofzlo,https://api.github.com/users/ofzlo,472789273,Sooktoring/Sooktoring-Android,https://api.github.com/repos/Sooktoring/Sooktoring-Android,true,2022-08-17T15:51:04Z
23487929578,PushEvent,98659638,edwardzuniga,https://api.github.com/users/edwardzuniga,487950724,edwardzuniga/holbertonschool-higher_level_programming,https://api.github.com/repos/edwardzuniga/holbertonschool-higher_level_programming,true,2022-08-17T15:51:05Z
23487929597,IssueCommentEvent,32714304,0xcadams,https://api.github.com/users/0xcadams,432870871,livepeer/explorer,https://api.github.com/repos/livepeer/explorer,true,2022-08-17T15:51:05Z
23487929522,ReleaseEvent,41898282,github-actions[bot],https://api.github.com/users/github-actions[bot],523780252,tiller1010/silverstripe-spam-module,https://api.github.com/repos/tiller1010/silverstripe-spam-module,true,2022-08-17T15:51:05Z
23487929560,PushEvent,111369888,Mahalderk,https://api.github.com/users/Mahalderk,525845966,Mahalderk/CV,https://api.github.com/repos/Mahalderk/CV,true,2022-08-17T15:51:05Z
23487929536,PushEvent,5146167,markbush,https://api.github.com/users/markbush,522475355,markbush/Smalltalk-80-CompilerLib,https://api.github.com/repos/markbush/Smalltalk-80-CompilerLib,true,2022-08-17T15:51:05Z
23487929501,DeleteEvent,34882892,balena-ci,https://api.github.com/users/balena-ci,280075452,product-os/jellyfish-worker,https://api.github.com/repos/product-os/jellyfish-worker,true,2022-08-17T15:51:05Z
23487929523,PushEvent,12437240,chengzhong001,https://api.github.com/users/chengzhong001,524300625,chengzhong001/cpp-examples,https://api.github.com/repos/chengzhong001/cpp-examples,true,2022-08-17T15:51:05Z
23487929494,PushEvent,39814207,pull[bot],https://api.github.com/users/pull[bot],502695999,kybru91/vscode-languageserver-node,https://api.github.com/repos/kybru91/vscode-languageserver-node,true,2022-08-17T15:51:05Z
23487929532,PushEvent,75855221,fathozt,https://api.github.com/users/fathozt,381424857,fathozt/MyProject,https://api.github.com/repos/fathozt/MyProject,true,2022-08-17T15:51:05Z
23487929508,CreateEvent,90800936,ibrahimalangri,https://api.github.com/users/ibrahimalangri,525860418,ibrahimalangri/KUn,https://api.github.com/repos/ibrahimalangri/KUn,true,2022-08-17T15:51:05Z
23487929447,PushEvent,102809970,InonAngel98,https://api.github.com/users/InonAngel98,507821009,web-application-app/gigosRate,https://api.github.com/repos/web-application-app/gigosRate,true,2022-08-17T15:51:05Z
23487929496,DeleteEvent,111434456,DmytroKova,https://api.github.com/users/DmytroKova,525800293,DmytroKova/TUTORIAL,https://api.github.com/repos/DmytroKova/TUTORIAL,true,2022-08-17T15:51:05Z
23487929420,PushEvent,5981249,brianway,https://api.github.com/users/brianway,55965971,brianway/algorithms-learning,https://api.github.com/repos/brianway/algorithms-learning,true,2022-08-17T15:51:05Z
23487929439,PushEvent,41898282,github-actions[bot],https://api.github.com/users/github-actions[bot],266811533,wizche/lema-observatory,https://api.github.com/repos/wizche/lema-observatory,true,2022-08-17T15:51:05Z
23487929452,PushEvent,23216921,adamsorbie,https://api.github.com/users/adamsorbie,406699027,adamsorbie/Stroke_Microbiota_reproducibility,https://api.github.com/repos/adamsorbie/Stroke_Microbiota_reproducibility,true,2022-08-17T15:51:05Z
23487929428,IssuesEvent,21071133,justbecoder,https://api.github.com/users/justbecoder,501154542,justbecoder/react-router-middleware-plus,https://api.github.com/repos/justbecoder/react-router-middleware-plus,true,2022-08-17T15:51:05Z
23487929425,IssueCommentEvent,28898909,dislbenn,https://api.github.com/users/dislbenn,239809522,stolostron/search-e2e-test,https://api.github.com/repos/stolostron/search-e2e-test,true,2022-08-17T15:51:05Z